manufacturer,OD_mm,wall_mm,length_m,flow_l_per_min,H_s,C_s_model_geometry,measured_s,model_s,model_reading_s,model_warmup_T_s,paper_formula_s
A,12.0,1.6,25.0,4.0,8.4,22.81,60.0,50.65,55.0,19.44,56.32
A,12.0,1.6,25.0,6.0,5.7,15.21,35.0,34.31,35.0,13.4,37.65
A,12.0,1.6,25.0,9.0,3.7,10.14,25.0,22.92,25.0,9.08,25.0
A,12.0,1.6,15.0,4.0,8.4,13.68,40.0,34.3,35.0,12.21,37.15
A,12.0,1.6,15.0,6.0,5.7,9.12,20.0,23.01,25.0,8.19,24.86
A,12.0,1.6,15.0,9.0,3.7,6.08,15.0,14.87,15.0,5.09,16.48
A,12.0,1.6,5.0,4.0,8.4,4.56,25.0,16.16,20.0,3.2,17.98
A,12.0,1.6,5.0,6.0,5.7,3.04,10.0,10.16,15.0,1.42,12.09
A,12.0,1.6,5.0,9.0,3.7,2.03,10.0,6.34,10.0,0.61,7.96
A,16.0,2.0,25.0,6.0,5.7,28.27,60.0,56.6,60.0,22.62,62.14
A,16.0,2.0,25.0,9.0,3.7,18.85,40.0,37.92,40.0,15.37,41.33
A,16.0,2.0,15.0,4.0,8.4,25.45,65.0,54.66,55.0,20.82,59.2
A,16.0,2.0,15.0,6.0,5.7,16.96,35.0,36.58,40.0,13.92,39.56
A,16.0,2.0,15.0,9.0,3.7,11.31,25.0,23.81,25.0,8.8,26.28
A,16.0,2.0,5.0,4.0,8.4,8.48,25.0,22.58,25.0,5.69,25.33
A,16.0,2.0,5.0,6.0,5.7,5.65,15.0,13.92,15.0,2.57,16.98
A,16.0,2.0,5.0,9.0,3.7,3.77,10.0,8.58,10.0,1.11,11.23
A,20.0,2.25,25.0,9.0,3.7,31.45,60.0,57.07,60.0,21.93,61.94
A,20.0,2.25,15.0,6.0,5.7,28.3,55.0,53.97,55.0,19.97,58.11
A,20.0,2.25,15.0,9.0,3.7,18.87,35.0,35.48,40.0,12.91,38.64
A,20.0,2.25,5.0,4.0,8.4,14.15,35.0,31.24,35.0,8.69,34.6
A,20.0,2.25,5.0,6.0,5.7,9.43,20.0,19.29,20.0,4.15,23.17
A,20.0,2.25,5.0,9.0,3.7,6.29,15.0,11.78,15.0,1.79,15.35
B,16.0,2.2,25.0,4.0,11.3,39.63,100.0,87.53,90.0,36.6,92.76
B,16.0,2.2,25.0,6.0,5.7,26.42,60.0,57.03,60.0,24.91,60.0
B,16.0,2.2,25.0,9.0,5.0,17.61,40.0,39.34,40.0,16.73,41.2
B,16.0,2.2,15.0,4.0,11.3,23.78,60.0,57.83,60.0,22.75,60.17
B,16.0,2.2,15.0,6.0,5.7,15.85,40.0,36.6,40.0,15.04,38.28
B,16.0,2.2,15.0,9.0,5.0,10.57,20.0,24.72,25.0,9.16,26.72
B,16.0,2.2,5.0,4.0,11.3,7.93,20.0,24.81,25.0,5.58,27.59
B,16.0,2.2,5.0,6.0,5.7,5.28,15.0,13.41,15.0,2.43,16.56
B,16.0,2.2,5.0,9.0,5.0,3.52,10.0,9.58,10.0,1.06,12.24
B,20.0,2.8,25.0,4.0,11.3,61.07,160.0,132.28,135.0,59.9,143.37
B,20.0,2.8,25.0,6.0,5.7,40.72,85.0,86.59,90.0,40.18,93.74
B,20.0,2.8,25.0,9.0,5.0,27.14,60.0,58.85,60.0,26.71,63.69
B,20.0,2.8,15.0,4.0,11.3,36.64,90.0,84.61,85.0,36.66,90.54
B,20.0,2.8,15.0,6.0,5.7,24.43,50.0,54.06,55.0,23.93,58.53
B,20.0,2.8,15.0,9.0,5.0,16.29,40.0,35.71,40.0,14.42,40.22
B,20.0,2.8,5.0,4.0,11.3,12.21,30.0,32.1,35.0,8.58,37.72
B,20.0,2.8,5.0,6.0,5.7,8.14,15.0,17.53,20.0,3.68,23.31
B,20.0,2.8,5.0,9.0,5.0,5.43,15.0,12.03,15.0,1.6,16.74
B,25.0,3.5,15.0,6.0,5.7,38.17,80.0,81.53,85.0,37.66,87.61
B,25.0,3.5,15.0,9.0,5.0,25.45,50.0,52.94,55.0,22.5,59.61
B,25.0,3.5,5.0,4.0,11.3,19.09,40.0,43.5,45.0,13.12,52.26
B,25.0,3.5,5.0,6.0,5.7,12.72,20.0,24.06,25.0,5.64,33.0
B,25.0,3.5,5.0,9.0,5.0,8.48,15.0,15.92,20.0,2.44,23.2
