pipe,flow_l_per_min,plug_flow_time_s,time_to_40C_s,volume_to_40C_l,time_to_50C_s,volume_to_50C_l,delay_over_plug_at_50C
Copper 10 x 0.6,1,18.25,22.78,0.38,27.38,0.456,1.5
Copper 10 x 0.6,2,9.12,11.4,0.38,13.26,0.442,1.45
Copper 10 x 0.6,3,6.08,7.58,0.379,8.79,0.439,1.44
Copper 10 x 0.6,4,4.56,5.67,0.378,6.6,0.44,1.45
Copper 10 x 0.6,5,3.65,4.54,0.378,5.29,0.44,1.45
Copper 10 x 0.6,6,3.04,3.78,0.378,4.41,0.441,1.45
Copper 12 x 0.6,1,27.48,32.56,0.543,39.73,0.662,1.45
Copper 12 x 0.6,2,13.74,16.44,0.548,19.08,0.636,1.39
Copper 12 x 0.6,3,9.16,10.96,0.548,12.6,0.63,1.38
Copper 12 x 0.6,4,6.87,8.2,0.547,9.44,0.63,1.37
Copper 12 x 0.6,5,5.5,6.55,0.546,7.56,0.63,1.38
Copper 12 x 0.6,6,4.58,5.46,0.546,6.31,0.631,1.38
PE-X 10 x 1.5,1,11.55,14.53,0.242,25.64,0.427,2.22
PE-X 10 x 1.5,2,5.77,6.5,0.217,12.65,0.422,2.19
PE-X 10 x 1.5,3,3.85,4.15,0.208,7.81,0.391,2.03
PE-X 10 x 1.5,4,2.89,3.04,0.203,5.21,0.347,1.8
PE-X 10 x 1.5,5,2.31,2.39,0.199,3.76,0.313,1.63
PE-X 10 x 1.5,6,1.92,1.96,0.196,2.91,0.291,1.51
PE-X 12 x 2.0,1,15.08,18.78,0.313,37.69,0.628,2.5
PE-X 12 x 2.0,2,7.54,8.45,0.282,18.06,0.602,2.4
PE-X 12 x 2.0,3,5.03,5.41,0.27,10.61,0.531,2.11
PE-X 12 x 2.0,4,3.77,3.95,0.263,6.85,0.457,1.82
PE-X 12 x 2.0,5,3.02,3.09,0.258,4.92,0.41,1.63
PE-X 12 x 2.0,6,2.51,2.53,0.253,3.82,0.382,1.52
