pipe,valve,flow_l_min,velocity_m_s,wave_speed_m_s,joukowsky_bar,max_length_without_mitigation_m
copper_10x0.6,solenoid,1,0.27,1356,3.66,5
copper_10x0.6,solenoid,2,0.55,1356,7.32,3
copper_10x0.6,solenoid,3,0.82,1356,10.99,2
copper_10x0.6,solenoid,4,1.1,1356,14.65,1
copper_10x0.6,solenoid,5,1.37,1356,18.31,1
copper_10x0.6,solenoid,6,1.64,1356,21.97,1
copper_10x0.6,single_lever_mixer,1,0.27,1356,3.66,>=30
copper_10x0.6,single_lever_mixer,2,0.55,1356,7.32,15
copper_10x0.6,single_lever_mixer,3,0.82,1356,10.99,10
copper_10x0.6,single_lever_mixer,4,1.1,1356,14.65,8
copper_10x0.6,single_lever_mixer,5,1.37,1356,18.31,5
copper_10x0.6,single_lever_mixer,6,1.64,1356,21.97,5
copper_10x0.6,quarter_turn,1,0.27,1356,3.66,>=30
copper_10x0.6,quarter_turn,2,0.55,1356,7.32,25
copper_10x0.6,quarter_turn,3,0.82,1356,10.99,15
copper_10x0.6,quarter_turn,4,1.1,1356,14.65,10
copper_10x0.6,quarter_turn,5,1.37,1356,18.31,10
copper_10x0.6,quarter_turn,6,1.64,1356,21.97,8
copper_10x0.6,screw_down,1,0.27,1356,3.66,>=30
copper_10x0.6,screw_down,2,0.55,1356,7.32,>=30
copper_10x0.6,screw_down,3,0.82,1356,10.99,>=30
copper_10x0.6,screw_down,4,1.1,1356,14.65,>=30
copper_10x0.6,screw_down,5,1.37,1356,18.31,>=30
copper_10x0.6,screw_down,6,1.64,1356,21.97,>=30
copper_12x0.6,solenoid,1,0.18,1326,2.38,10
copper_12x0.6,solenoid,2,0.36,1326,4.75,5
copper_12x0.6,solenoid,3,0.55,1326,7.13,3
copper_12x0.6,solenoid,4,0.73,1326,9.51,2
copper_12x0.6,solenoid,5,0.91,1326,11.89,2
copper_12x0.6,solenoid,6,1.09,1326,14.26,1
copper_12x0.6,single_lever_mixer,1,0.18,1326,2.38,>=30
copper_12x0.6,single_lever_mixer,2,0.36,1326,4.75,25
copper_12x0.6,single_lever_mixer,3,0.55,1326,7.13,15
copper_12x0.6,single_lever_mixer,4,0.73,1326,9.51,10
copper_12x0.6,single_lever_mixer,5,0.91,1326,11.89,10
copper_12x0.6,single_lever_mixer,6,1.09,1326,14.26,8
copper_12x0.6,quarter_turn,1,0.18,1326,2.38,>=30
copper_12x0.6,quarter_turn,2,0.36,1326,4.75,>=30
copper_12x0.6,quarter_turn,3,0.55,1326,7.13,25
copper_12x0.6,quarter_turn,4,0.73,1326,9.51,20
copper_12x0.6,quarter_turn,5,0.91,1326,11.89,15
copper_12x0.6,quarter_turn,6,1.09,1326,14.26,10
copper_12x0.6,screw_down,1,0.18,1326,2.38,>=30
copper_12x0.6,screw_down,2,0.36,1326,4.75,>=30
copper_12x0.6,screw_down,3,0.55,1326,7.13,>=30
copper_12x0.6,screw_down,4,0.73,1326,9.51,>=30
copper_12x0.6,screw_down,5,0.91,1326,11.89,>=30
copper_12x0.6,screw_down,6,1.09,1326,14.26,>=30
copper_15x0.7,solenoid,1,0.11,1313,1.49,>=30
copper_15x0.7,solenoid,2,0.23,1313,2.97,8
copper_15x0.7,solenoid,3,0.34,1313,4.46,5
copper_15x0.7,solenoid,4,0.46,1313,5.94,3
copper_15x0.7,solenoid,5,0.57,1313,7.43,3
copper_15x0.7,solenoid,6,0.69,1313,8.91,2
copper_15x0.7,single_lever_mixer,1,0.11,1313,1.49,>=30
copper_15x0.7,single_lever_mixer,2,0.23,1313,2.97,>=30
copper_15x0.7,single_lever_mixer,3,0.34,1313,4.46,25
copper_15x0.7,single_lever_mixer,4,0.46,1313,5.94,20
copper_15x0.7,single_lever_mixer,5,0.57,1313,7.43,15
copper_15x0.7,single_lever_mixer,6,0.69,1313,8.91,10
copper_15x0.7,quarter_turn,1,0.11,1313,1.49,>=30
copper_15x0.7,quarter_turn,2,0.23,1313,2.97,>=30
copper_15x0.7,quarter_turn,3,0.34,1313,4.46,>=30
copper_15x0.7,quarter_turn,4,0.46,1313,5.94,>=30
copper_15x0.7,quarter_turn,5,0.57,1313,7.43,25
copper_15x0.7,quarter_turn,6,0.69,1313,8.91,20
copper_15x0.7,screw_down,1,0.11,1313,1.49,>=30
copper_15x0.7,screw_down,2,0.23,1313,2.97,>=30
copper_15x0.7,screw_down,3,0.34,1313,4.46,>=30
copper_15x0.7,screw_down,4,0.46,1313,5.94,>=30
copper_15x0.7,screw_down,5,0.57,1313,7.43,>=30
copper_15x0.7,screw_down,6,0.69,1313,8.91,>=30
pex_10x1.5,solenoid,1,0.43,273,1.17,>=30
pex_10x1.5,solenoid,2,0.87,273,2.33,2
pex_10x1.5,solenoid,3,1.3,273,3.5,1
pex_10x1.5,solenoid,4,1.73,273,4.67,1
pex_10x1.5,solenoid,5,2.17,273,5.84,0
pex_10x1.5,solenoid,6,2.6,273,7.0,0
pex_10x1.5,single_lever_mixer,1,0.43,273,1.17,>=30
pex_10x1.5,single_lever_mixer,2,0.87,273,2.33,10
pex_10x1.5,single_lever_mixer,3,1.3,273,3.5,5
pex_10x1.5,single_lever_mixer,4,1.73,273,4.67,5
pex_10x1.5,single_lever_mixer,5,2.17,273,5.84,3
pex_10x1.5,single_lever_mixer,6,2.6,273,7.0,3
pex_10x1.5,quarter_turn,1,0.43,273,1.17,>=30
pex_10x1.5,quarter_turn,2,0.87,273,2.33,15
pex_10x1.5,quarter_turn,3,1.3,273,3.5,10
pex_10x1.5,quarter_turn,4,1.73,273,4.67,8
pex_10x1.5,quarter_turn,5,2.17,273,5.84,5
pex_10x1.5,quarter_turn,6,2.6,273,7.0,5
pex_10x1.5,screw_down,1,0.43,273,1.17,>=30
pex_10x1.5,screw_down,2,0.87,273,2.33,>=30
pex_10x1.5,screw_down,3,1.3,273,3.5,>=30
pex_10x1.5,screw_down,4,1.73,273,4.67,>=30
pex_10x1.5,screw_down,5,2.17,273,5.84,25
pex_10x1.5,screw_down,6,2.6,273,7.0,20
pex_12x2.0,solenoid,1,0.33,285,0.93,>=30
pex_12x2.0,solenoid,2,0.66,285,1.87,>=30
pex_12x2.0,solenoid,3,0.99,285,2.8,2
pex_12x2.0,solenoid,4,1.33,285,3.73,1
pex_12x2.0,solenoid,5,1.66,285,4.66,1
pex_12x2.0,solenoid,6,1.99,285,5.6,1
pex_12x2.0,single_lever_mixer,1,0.33,285,0.93,>=30
pex_12x2.0,single_lever_mixer,2,0.66,285,1.87,>=30
pex_12x2.0,single_lever_mixer,3,0.99,285,2.8,10
pex_12x2.0,single_lever_mixer,4,1.33,285,3.73,5
pex_12x2.0,single_lever_mixer,5,1.66,285,4.66,5
pex_12x2.0,single_lever_mixer,6,1.99,285,5.6,5
pex_12x2.0,quarter_turn,1,0.33,285,0.93,>=30
pex_12x2.0,quarter_turn,2,0.66,285,1.87,>=30
pex_12x2.0,quarter_turn,3,0.99,285,2.8,15
pex_12x2.0,quarter_turn,4,1.33,285,3.73,10
pex_12x2.0,quarter_turn,5,1.66,285,4.66,8
pex_12x2.0,quarter_turn,6,1.99,285,5.6,5
pex_12x2.0,screw_down,1,0.33,285,0.93,>=30
pex_12x2.0,screw_down,2,0.66,285,1.87,>=30
pex_12x2.0,screw_down,3,0.99,285,2.8,>=30
pex_12x2.0,screw_down,4,1.33,285,3.73,>=30
pex_12x2.0,screw_down,5,1.66,285,4.66,>=30
pex_12x2.0,screw_down,6,1.99,285,5.6,>=30
mlcp_12x1.6,solenoid,1,0.27,935,2.53,5
mlcp_12x1.6,solenoid,2,0.55,935,5.05,3
mlcp_12x1.6,solenoid,3,0.82,935,7.58,2
mlcp_12x1.6,solenoid,4,1.1,935,10.1,1
mlcp_12x1.6,solenoid,5,1.37,935,12.63,1
mlcp_12x1.6,solenoid,6,1.64,935,15.15,1
mlcp_12x1.6,single_lever_mixer,1,0.27,935,2.53,>=30
mlcp_12x1.6,single_lever_mixer,2,0.55,935,5.05,15
mlcp_12x1.6,single_lever_mixer,3,0.82,935,7.58,10
mlcp_12x1.6,single_lever_mixer,4,1.1,935,10.1,8
mlcp_12x1.6,single_lever_mixer,5,1.37,935,12.63,5
mlcp_12x1.6,single_lever_mixer,6,1.64,935,15.15,5
mlcp_12x1.6,quarter_turn,1,0.27,935,2.53,>=30
mlcp_12x1.6,quarter_turn,2,0.55,935,5.05,25
mlcp_12x1.6,quarter_turn,3,0.82,935,7.58,15
mlcp_12x1.6,quarter_turn,4,1.1,935,10.1,10
mlcp_12x1.6,quarter_turn,5,1.37,935,12.63,10
mlcp_12x1.6,quarter_turn,6,1.64,935,15.15,8
mlcp_12x1.6,screw_down,1,0.27,935,2.53,>=30
mlcp_12x1.6,screw_down,2,0.55,935,5.05,>=30
mlcp_12x1.6,screw_down,3,0.82,935,7.58,>=30
mlcp_12x1.6,screw_down,4,1.1,935,10.1,>=30
mlcp_12x1.6,screw_down,5,1.37,935,12.63,>=30
mlcp_12x1.6,screw_down,6,1.64,935,15.15,>=30
