manufacturer,OD_mm,wall_mm,length_m,flow_l_per_min,H_s,C_s_model_geometry,measured_s,model_s,model_reading_s,model_warmup_T_s,paper_formula_s,air_C_at_end
A,12.0,1.6,25.0,4.0,8.4,22.81,60.0,50.63,55.0,19.42,56.32,22.47
A,12.0,1.6,25.0,6.0,5.7,15.21,35.0,34.31,35.0,13.4,37.65,22.07
A,12.0,1.6,25.0,9.0,3.7,10.14,25.0,22.92,25.0,9.08,25.0,21.8
A,12.0,1.6,15.0,4.0,8.4,13.68,40.0,34.29,35.0,12.21,37.15,21.99
A,12.0,1.6,15.0,6.0,5.7,9.12,20.0,23.01,25.0,8.19,24.86,21.74
A,12.0,1.6,15.0,9.0,3.7,6.08,15.0,14.87,15.0,5.09,16.48,21.58
A,12.0,1.6,5.0,4.0,8.4,4.56,25.0,16.16,20.0,3.2,17.98,21.49
A,12.0,1.6,5.0,6.0,5.7,3.04,10.0,10.16,15.0,1.42,12.09,21.41
A,12.0,1.6,5.0,9.0,3.7,2.03,10.0,6.34,10.0,0.61,7.96,21.36
A,16.0,2.0,25.0,6.0,5.7,28.27,60.0,56.58,60.0,22.6,62.14,23.56
A,16.0,2.0,25.0,9.0,3.7,18.85,40.0,37.92,40.0,15.37,41.33,22.96
A,16.0,2.0,15.0,4.0,8.4,25.45,65.0,54.65,55.0,20.8,59.2,23.36
A,16.0,2.0,15.0,6.0,5.7,16.96,35.0,36.58,40.0,13.92,39.56,22.82
A,16.0,2.0,15.0,9.0,3.7,11.31,25.0,23.81,25.0,8.8,26.28,22.45
A,16.0,2.0,5.0,4.0,8.4,8.48,25.0,22.58,25.0,5.69,25.33,22.23
A,16.0,2.0,5.0,6.0,5.7,5.65,15.0,13.92,15.0,2.57,16.98,22.05
A,16.0,2.0,5.0,9.0,3.7,3.77,10.0,8.58,10.0,1.11,11.23,21.93
A,20.0,2.25,25.0,9.0,3.7,31.45,60.0,57.06,60.0,21.91,61.94,24.6
A,20.0,2.25,15.0,6.0,5.7,28.3,55.0,53.96,55.0,19.96,58.11,24.33
A,20.0,2.25,15.0,9.0,3.7,18.87,35.0,35.48,40.0,12.91,38.64,23.62
A,20.0,2.25,5.0,4.0,8.4,14.15,35.0,31.24,35.0,8.69,34.6,23.18
A,20.0,2.25,5.0,6.0,5.7,9.43,20.0,19.29,20.0,4.15,23.17,22.83
A,20.0,2.25,5.0,9.0,3.7,6.29,15.0,11.78,15.0,1.79,15.35,22.59
B,16.0,2.2,25.0,4.0,11.3,39.63,100.0,87.44,90.0,36.51,92.76,24.11
B,16.0,2.2,25.0,6.0,5.7,26.42,60.0,57.01,60.0,24.89,60.0,23.32
B,16.0,2.2,25.0,9.0,5.0,17.61,40.0,39.34,40.0,16.72,41.2,22.76
B,16.0,2.2,15.0,4.0,11.3,23.78,60.0,57.82,60.0,22.74,60.17,23.13
B,16.0,2.2,15.0,6.0,5.7,15.85,40.0,36.59,40.0,15.04,38.28,22.63
B,16.0,2.2,15.0,9.0,5.0,10.57,20.0,24.72,25.0,9.15,26.72,22.29
B,16.0,2.2,5.0,4.0,11.3,7.93,20.0,24.81,25.0,5.58,27.59,22.09
B,16.0,2.2,5.0,6.0,5.7,5.28,15.0,13.41,15.0,2.43,16.56,21.92
B,16.0,2.2,5.0,9.0,5.0,3.52,10.0,9.58,10.0,1.06,12.24,21.81
B,20.0,2.8,25.0,4.0,11.3,61.07,160.0,131.94,135.0,59.57,143.37,26.14
B,20.0,2.8,25.0,6.0,5.7,40.72,85.0,86.52,90.0,40.1,93.74,24.8
B,20.0,2.8,25.0,9.0,5.0,27.14,60.0,58.84,60.0,26.69,63.69,23.85
B,20.0,2.8,15.0,4.0,11.3,36.64,90.0,84.56,85.0,36.61,90.54,24.48
B,20.0,2.8,15.0,6.0,5.7,24.43,50.0,54.05,55.0,23.92,58.53,23.62
B,20.0,2.8,15.0,9.0,5.0,16.29,40.0,35.71,40.0,14.42,40.22,23.02
B,20.0,2.8,5.0,4.0,11.3,12.21,30.0,32.1,35.0,8.58,37.72,22.65
B,20.0,2.8,5.0,6.0,5.7,8.14,15.0,17.53,20.0,3.68,23.31,22.36
B,20.0,2.8,5.0,9.0,5.0,5.43,15.0,12.03,15.0,1.6,16.74,22.16
B,25.0,3.5,15.0,6.0,5.7,38.17,80.0,81.5,85.0,37.63,87.61,25.1
B,25.0,3.5,15.0,9.0,5.0,25.45,50.0,52.94,55.0,22.49,59.61,24.05
B,25.0,3.5,5.0,4.0,11.3,19.09,40.0,43.5,45.0,13.12,52.26,23.36
B,25.0,3.5,5.0,6.0,5.7,12.72,20.0,24.06,25.0,5.64,33.0,22.86
B,25.0,3.5,5.0,9.0,5.0,8.48,15.0,15.92,20.0,2.44,23.2,22.51
